Iphones,URL,Price
Vu Ultra Smart 80cm (32 inch) HD Ready LED Smart TV,/vu-ultra-smart-80cm-32-inch-hd-ready-led-tv/p/itmfey7hrsumcfww?pid=TVSFEY7HRZW46CND&srno=s_1_1&otracker=search&otracker1=search&lid=LSTTVSFEY7HRZW46CNDRYSQKP&fm=organic&iid=867db6a0-aeed-4612-9318-80f732aaebd6.TVSFEY7HRZW46CND.SEARCH&ssid=x7o93muls00000001569590140798&qH=2e6478cd059b4672,"₹11,499"
Vu Pixelight 108cm (43 inch) Ultra HD (4K) LED Smart TV with Cricket Mode,/vu-pixelight-108cm-43-inch-ultra-hd-4k-led-smart-tv-cricket-mode/p/itmfft3ymmvcarwp?pid=TVSFHFVZXEJYQTAX&srno=s_1_2&otracker=search&otracker1=search&lid=LSTTVSFHFVZXEJYQTAXFAYRQ2&fm=organic&iid=14d34727-26d1-4aa5-b742-0510edb8c4b4.TVSFHFVZXEJYQTAX.SEARCH&ssid=x7o93muls00000001569590140798&qH=2e6478cd059b4672,"₹23,999"
Vu Ultra Smart 100cm (40 inch) Full HD LED Smart TV,/vu-ultra-smart-100cm-40-inch-full-hd-led-tv/p/itmfey7hjvzkkzyv?pid=TVSFEY7HHUG9DZD8&srno=s_1_3&otracker=search&otracker1=search&lid=LSTTVSFEY7HHUG9DZD8HUMUYU&fm=organic&iid=21d67d1f-bca7-466c-9fd7-4ae78a0ca171.TVSFEY7HHUG9DZD8.SEARCH&ssid=x7o93muls00000001569590140798&qH=2e6478cd059b4672,"₹17,999"
Vu Pixelight 126cm (50 inch) Ultra HD (4K) LED Smart TV,/vu-pixelight-126cm-50-inch-ultra-hd-4k-led-smart-tv/p/itmfey7hwzbrhepw?pid=TVSFEY7HBSHTFMVD&srno=s_1_4&otracker=search&otracker1=search&lid=LSTTVSFEY7HBSHTFMVDLMOEXZ&fm=organic&iid=99b191cd-1815-481a-a81c-a28f0e85f918.TVSFEY7HBSHTFMVD.SEARCH&ssid=x7o93muls00000001569590140798&qH=2e6478cd059b4672,"₹28,999"
Vu Pixelight 138cm (55 inch) Ultra HD (4K) LED Smart TV,/vu-pixelight-138cm-55-inch-ultra-hd-4k-led-smart-tv/p/itmfey7hgkhyd6uw?pid=TVSFEY7HXUTSU2CK&srno=s_1_5&otracker=search&otracker1=search&lid=LSTTVSFEY7HXUTSU2CKF1YZSB&fm=organic&iid=9d4dee33-54eb-4908-a1d1-879623428f31.TVSFEY7HXUTSU2CK.SEARCH&ssid=x7o93muls00000001569590140798&qH=2e6478cd059b4672,"₹33,999"
Vu Pixelight 126cm (50 inch) Ultra HD (4K) LED Smart TV,/vu-pixelight-126cm-50-inch-ultra-hd-4k-led-smart-tv/p/itmfhczyezgzazzh?pid=TVSFHCZYUA2C2KTA&srno=s_1_6&otracker=search&otracker1=search&lid=LSTTVSFHCZYUA2C2KTAWDUXAE&fm=organic&iid=1d160cb2-de5e-4352-b883-1ae4de273133.TVSFHCZYUA2C2KTA.SEARCH&ssid=x7o93muls00000001569590140798&qH=2e6478cd059b4672,"₹30,634"
Vu Premium Android 126cm (50 inch) Ultra HD (4K) LED Smart Android TV with Cricket Mode,/vu-premium-android-126cm-50-inch-ultra-hd-4k-led-smart-tv-cricket-mode/p/itmfdv7acj4xrghj?pid=TVSFHJMB5MCRCXHZ&srno=s_1_7&otracker=search&otracker1=search&lid=LSTTVSFHJMB5MCRCXHZY7FOQW&fm=organic&iid=884a3bab-14ee-4985-b898-999c65074411.TVSFHJMB5MCRCXHZ.SEARCH&ssid=x7o93muls00000001569590140798&qH=2e6478cd059b4672,"₹36,999"
Vu 140cm (55 inch) Ultra HD (4K) LED Smart Android TV,/vu-140cm-55-inch-ultra-hd-4k-led-smart-android-tv/p/itmf6rw5kgtcpmsh?pid=TVSF6RW5Z2YXBJMX&srno=s_1_8&otracker=search&otracker1=search&lid=LSTTVSF6RW5Z2YXBJMX09KUZM&fm=organic&iid=4cc2e2a4-19d8-4ecc-b8bc-9f0cc6b85665.TVSF6RW5Z2YXBJMX.SEARCH&ssid=x7o93muls00000001569590140798&qH=2e6478cd059b4672,"₹36,999"
Vu 124cm (49 inch) Full HD LED Smart TV,/vu-124cm-49-inch-full-hd-led-smart-tv/p/itmemnaeujwhu3fw?pid=TVSEMNAEGAYHFAFE&srno=s_1_9&otracker=search&otracker1=search&lid=LSTTVSEMNAEGAYHFAFEI5HP4O&fm=organic&iid=6d8d36e0-57af-41e9-9293-4894596bc102.TVSEMNAEGAYHFAFE.SEARCH&ssid=x7o93muls00000001569590140798&qH=2e6478cd059b4672,"₹26,999"
Vu 98cm (39 inch) Full HD LED TV,/vu-98cm-39-inch-full-hd-led-tv/p/itmf3hcjxgbk4dz2?pid=TVSEUYNQHHUEXQH8&srno=s_1_10&otracker=search&otracker1=search&lid=LSTTVSEUYNQHHUEXQH8HGNFCS&fm=organic&iid=dfc72aeb-1b30-4a4c-a4d6-9690f24042ab.TVSEUYNQHHUEXQH8.SEARCH&ssid=x7o93muls00000001569590140798&qH=2e6478cd059b4672,"₹15,999"
Vu Iconium 109cm (43 inch) Ultra HD (4K) LED Smart TV,/vu-iconium-109cm-43-inch-ultra-hd-4k-led-smart-tv/p/itmexyhfetqnrhha?pid=TVSEXYHFCBZEGGZY&srno=s_1_11&otracker=search&otracker1=search&lid=LSTTVSEXYHFCBZEGGZYMZGVWB&fm=organic&iid=0c63dbcc-3bf3-4680-b8b6-94262dc34ca9.TVSEXYHFCBZEGGZY.SEARCH&ssid=x7o93muls00000001569590140798&qH=2e6478cd059b4672,"₹21,999"
Vu 124cm (49 inch) Ultra HD (4K) LED Smart Android TV,/vu-124cm-49-inch-ultra-hd-4k-led-smart-android-tv/p/itmf6rw5f6gfghft?pid=TVSF6RW5UAJXXMFQ&srno=s_1_12&otracker=search&otracker1=search&lid=LSTTVSF6RW5UAJXXMFQEPRV7U&fm=organic&iid=d93014f6-2e14-4783-ae16-7bbae8a3b2a9.TVSF6RW5UAJXXMFQ.SEARCH&ssid=x7o93muls00000001569590140798&qH=2e6478cd059b4672,"₹34,999"
Vu 80cm (32 inch) HD Ready LED TV,/vu-80cm-32-inch-hd-ready-led-tv/p/itmfe36sszdzntmy?pid=TVSFE36S5XXRJKTX&srno=s_1_13&otracker=search&otracker1=search&lid=LSTTVSFE36S5XXRJKTXJILMA7&fm=organic&iid=f998ec2c-397e-4d38-88e1-f2294482f2d5.TVSFE36S5XXRJKTX.SEARCH&ssid=x7o93muls00000001569590140798&qH=2e6478cd059b4672,"₹10,499"
Vu 80cm (32 inch) HD Ready LED Smart TV,/vu-80cm-32-inch-hd-ready-led-smart-tv/p/itmfeeazhe5r2qrg?pid=TVSFEEAZQJNYKBZQ&srno=s_1_14&otracker=search&otracker1=search&lid=LSTTVSFEEAZQJNYKBZQZU6NC4&fm=organic&iid=58a3e36f-7396-41d0-8963-cfb9544589af.TVSFEEAZQJNYKBZQ.SEARCH&ssid=x7o93muls00000001569590140798&qH=2e6478cd059b4672,"₹14,031"
Vu 190cm (75 inch) Ultra HD (4K) LED Smart Android TV,/vu-190cm-75-inch-ultra-hd-4k-led-smart-android-tv/p/itmf7tbwju5jmcnp?pid=TVSF7TBWCHZYSYUP&srno=s_1_15&otracker=search&otracker1=search&lid=LSTTVSF7TBWCHZYSYUPKEDPDL&fm=organic&iid=e2f4e5e4-6dd3-484a-b2ca-8569c2f7b6fa.TVSF7TBWCHZYSYUP.SEARCH&ssid=x7o93muls00000001569590140798&qH=2e6478cd059b4672,"₹1,19,999"
Vu Pixelight 108cm (43 inch) Ultra HD (4K) LED Smart TV,/vu-pixelight-108cm-43-inch-ultra-hd-4k-led-smart-tv/p/itmfhczyzvkt5cn7?pid=TVSFHCZYDPUPHBD5&srno=s_1_16&otracker=search&otracker1=search&lid=LSTTVSFHCZYDPUPHBD50PNAUG&fm=organic&iid=dd34b89b-e723-4261-9178-0fc494041e2f.TVSFHCZYDPUPHBD5.SEARCH&ssid=x7o93muls00000001569590140798&qH=2e6478cd059b4672,"₹23,999"
Vu Pixelight 138cm (55 inch) Ultra HD (4K) LED Smart TV,/vu-pixelight-138cm-55-inch-ultra-hd-4k-led-smart-tv/p/itmfhczyy2ywskcg?pid=TVSFHCZY4PAZFVVG&srno=s_1_17&otracker=search&otracker1=search&lid=LSTTVSFHCZY4PAZFVVGERYZ0O&fm=organic&iid=6fcdc449-1eae-44dd-86aa-38c442203992.TVSFHCZY4PAZFVVG.SEARCH&ssid=x7o93muls00000001569590140798&qH=2e6478cd059b4672,"₹36,795"
Vu Pixelight 108cm (43 inch) Ultra HD (4K) LED Smart TV,/vu-pixelight-108cm-43-inch-ultra-hd-4k-led-smart-tv/p/itmfft3ymmvcarwp?pid=TVSFFT3YESHHYTXP&srno=s_1_18&otracker=search&otracker1=search&lid=LSTTVSFFT3YESHHYTXPPHKXEG&fm=organic&iid=79e6ec75-6657-4371-9274-0f0542aa549b.TVSFFT3YESHHYTXP.SEARCH&ssid=x7o93muls00000001569590140798&qH=2e6478cd059b4672,"₹22,999"
Vu 124cm (49 inch) Full HD LED TV,/vu-124cm-49-inch-full-hd-led-tv/p/itmekx6ugukywxmv?pid=TVSEKX6UUQB5JEPF&srno=s_1_19&otracker=search&otracker1=search&lid=LSTTVSEKX6UUQB5JEPFPFFBA2&fm=organic&iid=ef7e2495-b7d1-4b65-93ba-3e85dcef2183.TVSEKX6UUQB5JEPF.SEARCH&ssid=x7o93muls00000001569590140798&qH=2e6478cd059b4672,"₹20,999"
Vu Premium Android 138cm (55 inch) Ultra HD (4K) LED Smart TV,/vu-premium-android-138cm-55-inch-ultra-hd-4k-led-smart-tv/p/itmfdv7azftbhjrr?pid=TVSFDV7AD5JUC9GY&srno=s_1_20&otracker=search&otracker1=search&lid=LSTTVSFDV7AD5JUC9GYHW9DMC&fm=organic&iid=213bf0d6-ddda-4ec8-b112-5215976e9624.TVSFDV7AD5JUC9GY.SEARCH&ssid=x7o93muls00000001569590140798&qH=2e6478cd059b4672,"₹41,999"
Vu Premium Android 138cm (55 inch) Ultra HD (4K) LED Smart Android TV with Cricket Mode,/vu-premium-android-138cm-55-inch-ultra-hd-4k-led-smart-tv-cricket-mode/p/itmfdv7azftbhjrr?pid=TVSFHJMBGCM9SZMM&srno=s_1_21&otracker=search&otracker1=search&lid=LSTTVSFHJMBGCM9SZMMUKFKH6&fm=organic&iid=1edfb087-3f4e-47ae-8d95-e05cf3cb0de7.TVSFHJMBGCM9SZMM.SEARCH&ssid=x7o93muls00000001569590140798&qH=2e6478cd059b4672,"₹41,999"
Vu 109cm (43 inch) Full HD LED Smart TV,/vu-109cm-43-inch-full-hd-led-smart-tv/p/itmfhcss8fzknyad?pid=TVSFHCSS3GBZKFDP&srno=s_1_22&otracker=search&otracker1=search&lid=LSTTVSFHCSS3GBZKFDPLLX32M&fm=organic&iid=87323f37-16df-4f67-98cc-591bc83f7b17.TVSFHCSS3GBZKFDP.SEARCH&ssid=x7o93muls00000001569590140798&qH=2e6478cd059b4672,"₹24,250"
Vu Pixelight 138cm (55 inch) Ultra HD (4K) LED Smart TV with Cricket Mode,/vu-pixelight-138cm-55-inch-ultra-hd-4k-led-smart-tv-cricket-mode/p/itmfey7hgkhyd6uw?pid=TVSFF9MBJPGJMYPZ&srno=s_1_23&otracker=search&otracker1=search&lid=LSTTVSFF9MBJPGJMYPZHLW4SV&fm=organic&iid=816a321e-4ccf-4fed-b2fc-e211901eccdb.TVSFF9MBJPGJMYPZ.SEARCH&ssid=x7o93muls00000001569590140798&qH=2e6478cd059b4672,"₹34,999"
Vu 124cm (49 inch) Ultra HD (4K) LED Smart Android TV,/vu-124cm-49-inch-ultra-hd-4k-led-smart-android-tv/p/itmffkztz79m7xna?pid=TVSFFKZTPFPGYVCF&srno=s_1_24&otracker=search&otracker1=search&lid=LSTTVSFFKZTPFPGYVCFFPCWQM&fm=organic&iid=d9125da8-4fdd-4523-a797-70e110848723.TVSFFKZTPFPGYVCF.SEARCH&ssid=x7o93muls00000001569590140798&qH=2e6478cd059b4672,"₹35,999"
Vu 80cm (32 inch) HD Ready LED TV,/vu-80cm-32-inch-hd-ready-led-tv/p/itmevmq4yt94u3uh?pid=TVSEVMQ42MBSAT54&srno=s_3_49&otracker=search&otracker1=search&lid=LSTTVSEVMQ42MBSAT54H7JHKB&fm=organic&iid=891aa0dd-8e4b-4c6e-ae90-609876fa00ac.TVSEVMQ42MBSAT54.SEARCH&ppt=sp&ppn=sp&ssid=9jr9oa9ue80000001569590148755&qH=2e6478cd059b4672,"₹10,499"
Vu Pixelight 127cm (50 inch) Ultra HD (4K) LED Smart TV,/vu-pixelight-127cm-50-inch-ultra-hd-4k-led-smart-tv/p/itmesq8efuprbhhv?pid=TVSESQ8EPFQBK2GN&srno=s_3_50&otracker=search&otracker1=search&lid=LSTTVSESQ8EPFQBK2GNETOIWR&fm=organic&iid=75a9a966-60c8-4852-a317-1e1be571972e.TVSESQ8EPFQBK2GN.SEARCH&ppt=sp&ppn=sp&ssid=9jr9oa9ue80000001569590148755&qH=2e6478cd059b4672,"₹34,999"
Vu 102cm (40 inch) Full HD LED TV,/vu-102cm-40-inch-full-hd-led-tv/p/itme8fmzymk5dasj?pid=TVSE8FMZ9AQMEGC6&srno=s_3_51&otracker=search&otracker1=search&lid=LSTTVSE8FMZ9AQMEGC6TP05LX&fm=organic&iid=6fec06ea-5623-449a-9655-9918c690eefc.TVSE8FMZ9AQMEGC6.SEARCH&ppt=sp&ppn=sp&ssid=9jr9oa9ue80000001569590148755&qH=2e6478cd059b4672,"₹15,999"
Vu 80cm (32 inch) HD Ready LED Smart TV,/vu-80cm-32-inch-hd-ready-led-smart-tv/p/itmegdf83fudjtnq?pid=TVSEGDF8EECF9NGN&srno=s_3_52&otracker=search&otracker1=search&lid=LSTTVSEGDF8EECF9NGNVY1G2F&fm=organic&iid=5eca8352-c4fb-4b18-a2d4-fa2ece3070a3.TVSEGDF8EECF9NGN.SEARCH&ppt=sp&ppn=sp&ssid=9jr9oa9ue80000001569590148755&qH=2e6478cd059b4672,"₹12,499"
Vu Play 102cm (40 inch) Full HD LED TV,/vu-play-102cm-40-inch-full-hd-led-tv/p/itmf2rfmpfhxevgy?pid=TVSF2RFMKVNZF2WF&srno=s_3_53&otracker=search&otracker1=search&lid=LSTTVSF2RFMKVNZF2WF3FROOQ&fm=organic&iid=1ce4d0d2-786f-43ad-8a0f-18e85f511149.TVSF2RFMKVNZF2WF.SEARCH&ppt=sp&ppn=sp&ssid=9jr9oa9ue80000001569590148755&qH=2e6478cd059b4672,"₹16,499"
Vu 80cm (32 inch) HD Ready LED Smart TV,/vu-80cm-32-inch-hd-ready-led-smart-tv/p/itmfhcss2gpbchqq?pid=TVSFHCSSYESHQWZB&srno=s_3_54&otracker=search&otracker1=search&lid=LSTTVSFHCSSYESHQWZBL8RRZC&fm=organic&iid=79ea6721-f28c-4e8c-a57f-5c8b872091d4.TVSFHCSSYESHQWZB.SEARCH&ppt=sp&ppn=sp&ssid=9jr9oa9ue80000001569590148755&qH=2e6478cd059b4672,"₹17,990"
