Id,Name,PhoneNumber,Birthday,EmailId
1002,Mary J Cude,414-318-6860,10/26/1983,bartholom8@gmail.com
1003,Guadalupe J England,347-323-0712,9/11/1980,pink.olso9@gmail.com
1004,Nancie C Dean,419-651-4382,7/1/1983,cecilia_daugher@yahoo.com
1005,Myrtle M Segura,501-650-3944,3/16/1972,raul_wilkins@hotmail.com
1006,Andrew J Chavez,561-457-5691,7/12/1990,delilah_gusikows@gmail.com
1007,Gina A Russo,570-687-5755,6/17/1967,cynthia2015@gmail.com
1008,Susanne C Horton,520-839-9064,2/27/1984,mateo2012@hotmail.com
1009,Matthew F Watson,812-252-4666,12/11/1988,brennan1972@gmail.com
1010,Susie W Hornick,561-584-1214,9/20/1988,adela.koelp@gmail.com
1011,Matilde R Tucker,732-461-2579,9/12/1983,madonna2002@yahoo.com
